[
{
    "model": "contenttypes.contenttype",
    "pk": 1,
    "fields": {
        "app_label": "admin",
        "model": "logentry"
    }
},
{
    "model": "contenttypes.contenttype",
    "pk": 2,
    "fields": {
        "app_label": "auth",
        "model": "permission"
    }
},
{
    "model": "contenttypes.contenttype",
    "pk": 3,
    "fields": {
        "app_label": "auth",
        "model": "group"
    }
},
{
    "model": "contenttypes.contenttype",
    "pk": 4,
    "fields": {
        "app_label": "auth",
        "model": "user"
    }
},
{
    "model": "contenttypes.contenttype",
    "pk": 5,
    "fields": {
        "app_label": "contenttypes",
        "model": "contenttype"
    }
},
{
    "model": "contenttypes.contenttype",
    "pk": 6,
    "fields": {
        "app_label": "sessions",
        "model": "session"
    }
},
{
    "model": "contenttypes.contenttype",
    "pk": 7,
    "fields": {
        "app_label": "ussdke",
        "model": "code"
    }
},
{
    "model": "contenttypes.contenttype",
    "pk": 8,
    "fields": {
        "app_label": "ussdke",
        "model": "company"
    }
},
{
    "model": "contenttypes.contenttype",
    "pk": 9,
    "fields": {
        "app_label": "ussdke",
        "model": "ussd"
    }
},
{
    "model": "sessions.session",
    "pk": "39ie54i0vcl633j9r1s23uswz0kfyry3",
    "fields": {
        "session_data": "ZTk1NWIxY2Y5OGUxNzQ4ZTZkMDZiNDNkZDA1ZTJiZWUyYTg2ZmM1Mjp7Il9hdXRoX3VzZXJfaGFzaCI6IjlkYmRjMzZiMWIxZGFjMGRmOTgzYzI3M2YxZGZlOTU2YzVhMDVlODUiLCJfYXV0aF91c2VyX2JhY2tlbmQiOiJkamFuZ28uY29udHJpYi5hdXRoLmJhY2tlbmRzLk1vZGVsQmFja2VuZCIsIl9hdXRoX3VzZXJfaWQiOiIxIn0=",
        "expire_date": "2016-02-27T10:41:27.128Z"
    }
},
{
    "model": "sessions.session",
    "pk": "85vgax2eoy1quj3eshe94ms4zgzpz2hg",
    "fields": {
        "session_data": "ZTk1NWIxY2Y5OGUxNzQ4ZTZkMDZiNDNkZDA1ZTJiZWUyYTg2ZmM1Mjp7Il9hdXRoX3VzZXJfaGFzaCI6IjlkYmRjMzZiMWIxZGFjMGRmOTgzYzI3M2YxZGZlOTU2YzVhMDVlODUiLCJfYXV0aF91c2VyX2JhY2tlbmQiOiJkamFuZ28uY29udHJpYi5hdXRoLmJhY2tlbmRzLk1vZGVsQmFja2VuZCIsIl9hdXRoX3VzZXJfaWQiOiIxIn0=",
        "expire_date": "2016-03-19T16:08:39.505Z"
    }
},
{
    "model": "ussdke.code",
    "pk": 2,
    "fields": {
        "value": "*144#",
        "is_template": false
    }
},
{
    "model": "ussdke.code",
    "pk": 3,
    "fields": {
        "value": "*100#",
        "is_template": false
    }
},
{
    "model": "ussdke.code",
    "pk": 4,
    "fields": {
        "value": "*#44336#'",
        "is_template": false
    }
},
{
    "model": "ussdke.code",
    "pk": 5,
    "fields": {
        "value": "*#1234#",
        "is_template": false
    }
},
{
    "model": "ussdke.code",
    "pk": 6,
    "fields": {
        "value": "*#12580*369#",
        "is_template": false
    }
},
{
    "model": "ussdke.code",
    "pk": 7,
    "fields": {
        "value": "*#197328640#",
        "is_template": false
    }
},
{
    "model": "ussdke.code",
    "pk": 8,
    "fields": {
        "value": "*#06#",
        "is_template": false
    }
},
{
    "model": "ussdke.code",
    "pk": 9,
    "fields": {
        "value": "*#2222#",
        "is_template": false
    }
},
{
    "model": "ussdke.code",
    "pk": 10,
    "fields": {
        "value": "*#8999*8376263#",
        "is_template": false
    }
},
{
    "model": "ussdke.code",
    "pk": 11,
    "fields": {
        "value": "*#272*imei#*",
        "is_template": false
    }
},
{
    "model": "ussdke.code",
    "pk": 12,
    "fields": {
        "value": "*#*#3264#*#*",
        "is_template": false
    }
},
{
    "model": "ussdke.code",
    "pk": 13,
    "fields": {
        "value": "*#92782#",
        "is_template": false
    }
},
{
    "model": "ussdke.code",
    "pk": 14,
    "fields": {
        "value": "*#*#9999#*#*",
        "is_template": false
    }
},
{
    "model": "ussdke.code",
    "pk": 15,
    "fields": {
        "value": "*#07#",
        "is_template": false
    }
},
{
    "model": "ussdke.code",
    "pk": 16,
    "fields": {
        "value": "*#232339#",
        "is_template": false
    }
},
{
    "model": "ussdke.code",
    "pk": 17,
    "fields": {
        "value": "*#232331#",
        "is_template": false
    }
},
{
    "model": "ussdke.code",
    "pk": 18,
    "fields": {
        "value": "*#*#232331#*#*",
        "is_template": false
    }
},
{
    "model": "ussdke.code",
    "pk": 19,
    "fields": {
        "value": "*#0842#",
        "is_template": false
    }
},
{
    "model": "ussdke.code",
    "pk": 20,
    "fields": {
        "value": "*#0782#",
        "is_template": false
    }
},
{
    "model": "ussdke.code",
    "pk": 21,
    "fields": {
        "value": "*#0228#",
        "is_template": false
    }
},
{
    "model": "ussdke.code",
    "pk": 22,
    "fields": {
        "value": "*#32489#",
        "is_template": false
    }
},
{
    "model": "ussdke.code",
    "pk": 23,
    "fields": {
        "value": "*#232337#",
        "is_template": false
    }
},
{
    "model": "ussdke.code",
    "pk": 24,
    "fields": {
        "value": "*#0673#",
        "is_template": false
    }
},
{
    "model": "ussdke.code",
    "pk": 25,
    "fields": {
        "value": "*#0*#",
        "is_template": false
    }
},
{
    "model": "ussdke.code",
    "pk": 26,
    "fields": {
        "value": "*#3214789650#",
        "is_template": false
    }
},
{
    "model": "ussdke.code",
    "pk": 27,
    "fields": {
        "value": "*#0289#",
        "is_template": false
    }
},
{
    "model": "ussdke.code",
    "pk": 28,
    "fields": {
        "value": "*#0589#",
        "is_template": false
    }
},
{
    "model": "ussdke.code",
    "pk": 29,
    "fields": {
        "value": "*#0588#",
        "is_template": false
    }
},
{
    "model": "ussdke.code",
    "pk": 30,
    "fields": {
        "value": "*#7353#",
        "is_template": false
    }
},
{
    "model": "ussdke.code",
    "pk": 31,
    "fields": {
        "value": "*#8999*8378#",
        "is_template": false
    }
},
{
    "model": "ussdke.code",
    "pk": 32,
    "fields": {
        "value": "*#*#0588#*#*",
        "is_template": false
    }
},
{
    "model": "ussdke.code",
    "pk": 33,
    "fields": {
        "value": "*#*#2664#*#*",
        "is_template": false
    }
},
{
    "model": "ussdke.code",
    "pk": 34,
    "fields": {
        "value": "*#*#0842#*#*",
        "is_template": false
    }
},
{
    "model": "ussdke.company",
    "pk": 1,
    "fields": {
        "name": "safaricom Kenya",
        "created_at": "2016-02-13T09:37:17.462Z",
        "updated_at": "2016-03-05T16:24:59.324Z",
        "icon": "images/icons/saf.png",
        "website": "http://www.safaricom.co.ke/"
    }
},
{
    "model": "ussdke.company",
    "pk": 2,
    "fields": {
        "name": "Zuku",
        "created_at": "2016-02-13T11:52:23.995Z",
        "updated_at": "2016-02-13T11:52:23.995Z",
        "icon": "images/icons/default.jpg",
        "website": "/"
    }
},
{
    "model": "ussdke.company",
    "pk": 3,
    "fields": {
        "name": "Android Lovers",
        "created_at": "2016-02-13T13:00:48.755Z",
        "updated_at": "2016-02-13T13:00:48.755Z",
        "icon": "images/icons/default.jpg",
        "website": "/"
    }
},
{
    "model": "ussdke.company",
    "pk": 6,
    "fields": {
        "name": "new",
        "created_at": "2016-02-13T14:42:17.640Z",
        "updated_at": "2016-02-13T14:42:17.640Z",
        "icon": "images/icons/default.jpg",
        "website": "/"
    }
},
{
    "model": "ussdke.company",
    "pk": 7,
    "fields": {
        "name": "new two",
        "created_at": "2016-02-13T14:44:17.876Z",
        "updated_at": "2016-02-13T14:44:17.876Z",
        "icon": "images/icons/default.jpg",
        "website": "/"
    }
},
{
    "model": "ussdke.ussd",
    "pk": 1,
    "fields": {
        "company": 1,
        "code": 2,
        "description": "Check airtime balance",
        "confirmed": true,
        "last_confirmed": "2016-02-13T10:42:11Z",
        "created_at": "2016-02-13T10:42:18.418Z",
        "updated_at": "2016-02-13T10:42:18.418Z"
    }
},
{
    "model": "ussdke.ussd",
    "pk": 2,
    "fields": {
        "company": 1,
        "code": 3,
        "description": "Ussds Services Menu",
        "confirmed": true,
        "last_confirmed": "2016-02-13T10:48:16Z",
        "created_at": "2016-02-13T10:48:18.592Z",
        "updated_at": "2016-02-13T10:48:18.592Z"
    }
},
{
    "model": "ussdke.ussd",
    "pk": 3,
    "fields": {
        "company": 1,
        "code": 2,
        "description": "Check airtime balance",
        "confirmed": false,
        "last_confirmed": "2016-02-13T12:59:12.429Z",
        "created_at": "2016-02-13T12:59:12.429Z",
        "updated_at": "2016-02-13T12:59:12.429Z"
    }
},
{
    "model": "ussdke.ussd",
    "pk": 4,
    "fields": {
        "company": 3,
        "code": 4,
        "description": "Software Version Info",
        "confirmed": false,
        "last_confirmed": "2016-02-13T13:03:11.465Z",
        "created_at": "2016-02-13T13:03:11.465Z",
        "updated_at": "2016-02-13T13:03:11.465Z"
    }
},
{
    "model": "ussdke.ussd",
    "pk": 5,
    "fields": {
        "company": 3,
        "code": 5,
        "description": "View SW Version PDA, CSC, MODEM",
        "confirmed": false,
        "last_confirmed": "2016-02-13T13:03:11.768Z",
        "created_at": "2016-02-13T13:03:11.768Z",
        "updated_at": "2016-02-13T13:03:11.768Z"
    }
},
{
    "model": "ussdke.ussd",
    "pk": 6,
    "fields": {
        "company": 3,
        "code": 6,
        "description": "SW & HW Info",
        "confirmed": false,
        "last_confirmed": "2016-02-13T13:03:12.073Z",
        "created_at": "2016-02-13T13:03:12.073Z",
        "updated_at": "2016-02-13T13:03:12.073Z"
    }
},
{
    "model": "ussdke.ussd",
    "pk": 7,
    "fields": {
        "company": 3,
        "code": 7,
        "description": "Service Mode",
        "confirmed": false,
        "last_confirmed": "2016-02-13T13:03:12.343Z",
        "created_at": "2016-02-13T13:03:12.343Z",
        "updated_at": "2016-02-13T13:03:12.343Z"
    }
},
{
    "model": "ussdke.ussd",
    "pk": 8,
    "fields": {
        "company": 3,
        "code": 8,
        "description": "IMEI Number.",
        "confirmed": false,
        "last_confirmed": "2016-02-13T13:03:12.631Z",
        "created_at": "2016-02-13T13:03:12.631Z",
        "updated_at": "2016-02-13T13:03:12.631Z"
    }
},
{
    "model": "ussdke.ussd",
    "pk": 9,
    "fields": {
        "company": 3,
        "code": 5,
        "description": "Firmware Version.",
        "confirmed": false,
        "last_confirmed": "2016-02-13T13:03:13.038Z",
        "created_at": "2016-02-13T13:03:13.038Z",
        "updated_at": "2016-02-13T13:03:13.038Z"
    }
},
{
    "model": "ussdke.ussd",
    "pk": 10,
    "fields": {
        "company": 3,
        "code": 9,
        "description": "H/W Version.",
        "confirmed": false,
        "last_confirmed": "2016-02-13T13:03:13.328Z",
        "created_at": "2016-02-13T13:03:13.328Z",
        "updated_at": "2016-02-13T13:03:13.328Z"
    }
},
{
    "model": "ussdke.ussd",
    "pk": 11,
    "fields": {
        "company": 3,
        "code": 10,
        "description": "All Versions Together.",
        "confirmed": false,
        "last_confirmed": "2016-02-13T13:03:13.611Z",
        "created_at": "2016-02-13T13:03:13.611Z",
        "updated_at": "2016-02-13T13:03:13.611Z"
    }
},
{
    "model": "ussdke.ussd",
    "pk": 12,
    "fields": {
        "company": 3,
        "code": 11,
        "description": "Product code",
        "confirmed": false,
        "last_confirmed": "2016-02-13T13:03:13.925Z",
        "created_at": "2016-02-13T13:03:13.925Z",
        "updated_at": "2016-02-13T13:03:13.925Z"
    }
},
{
    "model": "ussdke.ussd",
    "pk": 13,
    "fields": {
        "company": 3,
        "code": 12,
        "description": "RAM version",
        "confirmed": false,
        "last_confirmed": "2016-02-13T13:03:14.250Z",
        "created_at": "2016-02-13T13:03:14.250Z",
        "updated_at": "2016-02-13T13:03:14.250Z"
    }
},
{
    "model": "ussdke.ussd",
    "pk": 14,
    "fields": {
        "company": 3,
        "code": 13,
        "description": "Phone Model",
        "confirmed": false,
        "last_confirmed": "2016-02-13T13:03:14.533Z",
        "created_at": "2016-02-13T13:03:14.533Z",
        "updated_at": "2016-02-13T13:03:14.533Z"
    }
},
{
    "model": "ussdke.ussd",
    "pk": 15,
    "fields": {
        "company": 3,
        "code": 14,
        "description": "Phone/pda/csc info",
        "confirmed": false,
        "last_confirmed": "2016-02-13T13:03:14.825Z",
        "created_at": "2016-02-13T13:03:14.825Z",
        "updated_at": "2016-02-13T13:03:14.825Z"
    }
},
{
    "model": "ussdke.ussd",
    "pk": 16,
    "fields": {
        "company": 3,
        "code": 15,
        "description": "Test History",
        "confirmed": false,
        "last_confirmed": "2016-02-13T13:03:15.172Z",
        "created_at": "2016-02-13T13:03:15.172Z",
        "updated_at": "2016-02-13T13:03:15.172Z"
    }
},
{
    "model": "ussdke.ussd",
    "pk": 17,
    "fields": {
        "company": 3,
        "code": 16,
        "description": "WLAN Test Mode",
        "confirmed": false,
        "last_confirmed": "2016-02-13T13:03:15.475Z",
        "created_at": "2016-02-13T13:03:15.475Z",
        "updated_at": "2016-02-13T13:03:15.475Z"
    }
},
{
    "model": "ussdke.ussd",
    "pk": 18,
    "fields": {
        "company": 3,
        "code": 17,
        "description": "Bluetooth Test Mode",
        "confirmed": false,
        "last_confirmed": "2016-02-13T13:03:15.780Z",
        "created_at": "2016-02-13T13:03:15.780Z",
        "updated_at": "2016-02-13T13:03:15.780Z"
    }
},
{
    "model": "ussdke.ussd",
    "pk": 19,
    "fields": {
        "company": 3,
        "code": 18,
        "description": "Bluetooth test",
        "confirmed": false,
        "last_confirmed": "2016-02-13T13:03:16.106Z",
        "created_at": "2016-02-13T13:03:16.106Z",
        "updated_at": "2016-02-13T13:03:16.106Z"
    }
},
{
    "model": "ussdke.ussd",
    "pk": 20,
    "fields": {
        "company": 3,
        "code": 19,
        "description": "Vibration Motor Test Mode",
        "confirmed": false,
        "last_confirmed": "2016-02-13T13:03:16.431Z",
        "created_at": "2016-02-13T13:03:16.431Z",
        "updated_at": "2016-02-13T13:03:16.431Z"
    }
},
{
    "model": "ussdke.ussd",
    "pk": 21,
    "fields": {
        "company": 3,
        "code": 20,
        "description": "Real Time Clock Test",
        "confirmed": false,
        "last_confirmed": "2016-02-13T13:03:16.723Z",
        "created_at": "2016-02-13T13:03:16.723Z",
        "updated_at": "2016-02-13T13:03:16.723Z"
    }
},
{
    "model": "ussdke.ussd",
    "pk": 22,
    "fields": {
        "company": 3,
        "code": 21,
        "description": "ADC Reading",
        "confirmed": false,
        "last_confirmed": "2016-02-13T13:03:17.039Z",
        "created_at": "2016-02-13T13:03:17.039Z",
        "updated_at": "2016-02-13T13:03:17.039Z"
    }
},
{
    "model": "ussdke.ussd",
    "pk": 23,
    "fields": {
        "company": 3,
        "code": 22,
        "description": "(Ciphering Info)",
        "confirmed": false,
        "last_confirmed": "2016-02-13T13:03:17.353Z",
        "created_at": "2016-02-13T13:03:17.353Z",
        "updated_at": "2016-02-13T13:03:17.353Z"
    }
},
{
    "model": "ussdke.ussd",
    "pk": 24,
    "fields": {
        "company": 3,
        "code": 23,
        "description": "Bluetooth Address",
        "confirmed": false,
        "last_confirmed": "2016-02-13T13:03:17.742Z",
        "created_at": "2016-02-13T13:03:17.742Z",
        "updated_at": "2016-02-13T13:03:17.742Z"
    }
},
{
    "model": "ussdke.ussd",
    "pk": 25,
    "fields": {
        "company": 3,
        "code": 24,
        "description": "Audio Test Mode",
        "confirmed": false,
        "last_confirmed": "2016-02-13T13:03:18.083Z",
        "created_at": "2016-02-13T13:03:18.083Z",
        "updated_at": "2016-02-13T13:03:18.083Z"
    }
},
{
    "model": "ussdke.ussd",
    "pk": 26,
    "fields": {
        "company": 3,
        "code": 25,
        "description": "General Test Mode",
        "confirmed": false,
        "last_confirmed": "2016-02-13T13:03:18.397Z",
        "created_at": "2016-02-13T13:03:18.397Z",
        "updated_at": "2016-02-13T13:03:18.398Z"
    }
},
{
    "model": "ussdke.ussd",
    "pk": 27,
    "fields": {
        "company": 3,
        "code": 26,
        "description": "LBS Test Mode",
        "confirmed": false,
        "last_confirmed": "2016-02-13T13:03:18.700Z",
        "created_at": "2016-02-13T13:03:18.700Z",
        "updated_at": "2016-02-13T13:03:18.701Z"
    }
},
{
    "model": "ussdke.ussd",
    "pk": 28,
    "fields": {
        "company": 3,
        "code": 27,
        "description": "Melody Test Mode",
        "confirmed": false,
        "last_confirmed": "2016-02-13T13:03:19.048Z",
        "created_at": "2016-02-13T13:03:19.048Z",
        "updated_at": "2016-02-13T13:03:19.048Z"
    }
},
{
    "model": "ussdke.ussd",
    "pk": 29,
    "fields": {
        "company": 3,
        "code": 28,
        "description": "Light Sensor Test Mode",
        "confirmed": false,
        "last_confirmed": "2016-02-13T13:03:19.375Z",
        "created_at": "2016-02-13T13:03:19.375Z",
        "updated_at": "2016-02-13T13:03:19.375Z"
    }
},
{
    "model": "ussdke.ussd",
    "pk": 30,
    "fields": {
        "company": 3,
        "code": 29,
        "description": "Proximity Sensor Test Mode",
        "confirmed": false,
        "last_confirmed": "2016-02-13T13:03:19.712Z",
        "created_at": "2016-02-13T13:03:19.712Z",
        "updated_at": "2016-02-13T13:03:19.712Z"
    }
},
{
    "model": "ussdke.ussd",
    "pk": 31,
    "fields": {
        "company": 3,
        "code": 30,
        "description": "Quick Test Menu",
        "confirmed": false,
        "last_confirmed": "2016-02-13T13:03:20.070Z",
        "created_at": "2016-02-13T13:03:20.070Z",
        "updated_at": "2016-02-13T13:03:20.070Z"
    }
},
{
    "model": "ussdke.ussd",
    "pk": 32,
    "fields": {
        "company": 3,
        "code": 31,
        "description": "Test Menu.",
        "confirmed": false,
        "last_confirmed": "2016-02-13T13:03:20.465Z",
        "created_at": "2016-02-13T13:03:20.465Z",
        "updated_at": "2016-02-13T13:03:20.465Z"
    }
},
{
    "model": "ussdke.ussd",
    "pk": 33,
    "fields": {
        "company": 3,
        "code": 32,
        "description": "Proximity sensor test",
        "confirmed": false,
        "last_confirmed": "2016-02-13T13:03:20.768Z",
        "created_at": "2016-02-13T13:03:20.768Z",
        "updated_at": "2016-02-13T13:03:20.768Z"
    }
},
{
    "model": "ussdke.ussd",
    "pk": 34,
    "fields": {
        "company": 3,
        "code": 33,
        "description": "Touch screen test",
        "confirmed": false,
        "last_confirmed": "2016-02-13T13:03:21.083Z",
        "created_at": "2016-02-13T13:03:21.083Z",
        "updated_at": "2016-02-13T13:03:21.083Z"
    }
},
{
    "model": "ussdke.ussd",
    "pk": 35,
    "fields": {
        "company": 3,
        "code": 34,
        "description": "Vibration test*",
        "confirmed": false,
        "last_confirmed": "2016-02-13T13:03:21.452Z",
        "created_at": "2016-02-13T13:03:21.452Z",
        "updated_at": "2016-02-13T13:03:21.452Z"
    }
},
{
    "model": "ussdke.ussd",
    "pk": 36,
    "fields": {
        "company": 3,
        "code": 4,
        "description": "Software Version Info",
        "confirmed": false,
        "last_confirmed": "2016-02-13T13:03:21.701Z",
        "created_at": "2016-02-13T13:03:21.701Z",
        "updated_at": "2016-02-13T13:03:21.701Z"
    }
},
{
    "model": "ussdke.ussd",
    "pk": 37,
    "fields": {
        "company": 3,
        "code": 5,
        "description": "View SW Version PDA, CSC, MODEM",
        "confirmed": false,
        "last_confirmed": "2016-02-13T13:03:21.880Z",
        "created_at": "2016-02-13T13:03:21.880Z",
        "updated_at": "2016-02-13T13:03:21.880Z"
    }
},
{
    "model": "ussdke.ussd",
    "pk": 38,
    "fields": {
        "company": 3,
        "code": 6,
        "description": "SW & HW Info",
        "confirmed": false,
        "last_confirmed": "2016-02-13T13:03:22.083Z",
        "created_at": "2016-02-13T13:03:22.083Z",
        "updated_at": "2016-02-13T13:03:22.083Z"
    }
},
{
    "model": "ussdke.ussd",
    "pk": 39,
    "fields": {
        "company": 3,
        "code": 7,
        "description": "Service Mode",
        "confirmed": false,
        "last_confirmed": "2016-02-13T13:03:22.261Z",
        "created_at": "2016-02-13T13:03:22.261Z",
        "updated_at": "2016-02-13T13:03:22.261Z"
    }
},
{
    "model": "ussdke.ussd",
    "pk": 40,
    "fields": {
        "company": 3,
        "code": 8,
        "description": "IMEI Number.",
        "confirmed": false,
        "last_confirmed": "2016-02-13T13:03:22.464Z",
        "created_at": "2016-02-13T13:03:22.464Z",
        "updated_at": "2016-02-13T13:03:22.464Z"
    }
},
{
    "model": "ussdke.ussd",
    "pk": 41,
    "fields": {
        "company": 3,
        "code": 5,
        "description": "Firmware Version.",
        "confirmed": false,
        "last_confirmed": "2016-02-13T13:03:22.632Z",
        "created_at": "2016-02-13T13:03:22.632Z",
        "updated_at": "2016-02-13T13:03:22.632Z"
    }
},
{
    "model": "ussdke.ussd",
    "pk": 42,
    "fields": {
        "company": 3,
        "code": 9,
        "description": "H/W Version.",
        "confirmed": false,
        "last_confirmed": "2016-02-13T13:03:22.823Z",
        "created_at": "2016-02-13T13:03:22.823Z",
        "updated_at": "2016-02-13T13:03:22.823Z"
    }
},
{
    "model": "ussdke.ussd",
    "pk": 43,
    "fields": {
        "company": 3,
        "code": 10,
        "description": "All Versions Together.",
        "confirmed": false,
        "last_confirmed": "2016-02-13T13:03:22.978Z",
        "created_at": "2016-02-13T13:03:22.978Z",
        "updated_at": "2016-02-13T13:03:22.978Z"
    }
},
{
    "model": "ussdke.ussd",
    "pk": 44,
    "fields": {
        "company": 3,
        "code": 11,
        "description": "Product code",
        "confirmed": false,
        "last_confirmed": "2016-02-13T13:03:23.159Z",
        "created_at": "2016-02-13T13:03:23.159Z",
        "updated_at": "2016-02-13T13:03:23.159Z"
    }
},
{
    "model": "ussdke.ussd",
    "pk": 45,
    "fields": {
        "company": 3,
        "code": 12,
        "description": "RAM version",
        "confirmed": false,
        "last_confirmed": "2016-02-13T13:03:23.362Z",
        "created_at": "2016-02-13T13:03:23.362Z",
        "updated_at": "2016-02-13T13:03:23.362Z"
    }
},
{
    "model": "ussdke.ussd",
    "pk": 46,
    "fields": {
        "company": 3,
        "code": 13,
        "description": "Phone Model",
        "confirmed": false,
        "last_confirmed": "2016-02-13T13:03:23.652Z",
        "created_at": "2016-02-13T13:03:23.652Z",
        "updated_at": "2016-02-13T13:03:23.652Z"
    }
},
{
    "model": "ussdke.ussd",
    "pk": 47,
    "fields": {
        "company": 3,
        "code": 14,
        "description": "Phone/pda/csc info",
        "confirmed": false,
        "last_confirmed": "2016-02-13T13:03:23.822Z",
        "created_at": "2016-02-13T13:03:23.822Z",
        "updated_at": "2016-02-13T13:03:23.822Z"
    }
},
{
    "model": "ussdke.ussd",
    "pk": 48,
    "fields": {
        "company": 3,
        "code": 15,
        "description": "Test History",
        "confirmed": false,
        "last_confirmed": "2016-02-13T13:03:23.989Z",
        "created_at": "2016-02-13T13:03:23.989Z",
        "updated_at": "2016-02-13T13:03:23.989Z"
    }
},
{
    "model": "ussdke.ussd",
    "pk": 49,
    "fields": {
        "company": 3,
        "code": 16,
        "description": "WLAN Test Mode",
        "confirmed": false,
        "last_confirmed": "2016-02-13T13:03:24.167Z",
        "created_at": "2016-02-13T13:03:24.167Z",
        "updated_at": "2016-02-13T13:03:24.167Z"
    }
},
{
    "model": "ussdke.ussd",
    "pk": 50,
    "fields": {
        "company": 3,
        "code": 17,
        "description": "Bluetooth Test Mode",
        "confirmed": false,
        "last_confirmed": "2016-02-13T13:03:24.337Z",
        "created_at": "2016-02-13T13:03:24.337Z",
        "updated_at": "2016-02-13T13:03:24.337Z"
    }
},
{
    "model": "ussdke.ussd",
    "pk": 51,
    "fields": {
        "company": 3,
        "code": 18,
        "description": "Bluetooth test",
        "confirmed": false,
        "last_confirmed": "2016-02-13T13:03:24.528Z",
        "created_at": "2016-02-13T13:03:24.528Z",
        "updated_at": "2016-02-13T13:03:24.528Z"
    }
},
{
    "model": "ussdke.ussd",
    "pk": 52,
    "fields": {
        "company": 3,
        "code": 19,
        "description": "Vibration Motor Test Mode",
        "confirmed": false,
        "last_confirmed": "2016-02-13T13:03:24.730Z",
        "created_at": "2016-02-13T13:03:24.730Z",
        "updated_at": "2016-02-13T13:03:24.730Z"
    }
},
{
    "model": "ussdke.ussd",
    "pk": 53,
    "fields": {
        "company": 3,
        "code": 20,
        "description": "Real Time Clock Test",
        "confirmed": false,
        "last_confirmed": "2016-02-13T13:03:24.920Z",
        "created_at": "2016-02-13T13:03:24.920Z",
        "updated_at": "2016-02-13T13:03:24.920Z"
    }
},
{
    "model": "ussdke.ussd",
    "pk": 54,
    "fields": {
        "company": 3,
        "code": 21,
        "description": "ADC Reading",
        "confirmed": false,
        "last_confirmed": "2016-02-13T13:03:25.089Z",
        "created_at": "2016-02-13T13:03:25.089Z",
        "updated_at": "2016-02-13T13:03:25.089Z"
    }
},
{
    "model": "ussdke.ussd",
    "pk": 55,
    "fields": {
        "company": 3,
        "code": 22,
        "description": "(Ciphering Info)",
        "confirmed": false,
        "last_confirmed": "2016-02-13T13:03:25.291Z",
        "created_at": "2016-02-13T13:03:25.291Z",
        "updated_at": "2016-02-13T13:03:25.291Z"
    }
},
{
    "model": "ussdke.ussd",
    "pk": 56,
    "fields": {
        "company": 3,
        "code": 23,
        "description": "Bluetooth Address",
        "confirmed": false,
        "last_confirmed": "2016-02-13T13:03:25.459Z",
        "created_at": "2016-02-13T13:03:25.459Z",
        "updated_at": "2016-02-13T13:03:25.459Z"
    }
},
{
    "model": "ussdke.ussd",
    "pk": 57,
    "fields": {
        "company": 3,
        "code": 24,
        "description": "Audio Test Mode",
        "confirmed": false,
        "last_confirmed": "2016-02-13T13:03:25.615Z",
        "created_at": "2016-02-13T13:03:25.615Z",
        "updated_at": "2016-02-13T13:03:25.615Z"
    }
},
{
    "model": "ussdke.ussd",
    "pk": 58,
    "fields": {
        "company": 3,
        "code": 25,
        "description": "General Test Mode",
        "confirmed": false,
        "last_confirmed": "2016-02-13T13:03:25.817Z",
        "created_at": "2016-02-13T13:03:25.817Z",
        "updated_at": "2016-02-13T13:03:25.817Z"
    }
},
{
    "model": "ussdke.ussd",
    "pk": 59,
    "fields": {
        "company": 3,
        "code": 26,
        "description": "LBS Test Mode",
        "confirmed": false,
        "last_confirmed": "2016-02-13T13:03:26.010Z",
        "created_at": "2016-02-13T13:03:26.010Z",
        "updated_at": "2016-02-13T13:03:26.010Z"
    }
},
{
    "model": "ussdke.ussd",
    "pk": 60,
    "fields": {
        "company": 3,
        "code": 27,
        "description": "Melody Test Mode",
        "confirmed": false,
        "last_confirmed": "2016-02-13T13:03:26.211Z",
        "created_at": "2016-02-13T13:03:26.211Z",
        "updated_at": "2016-02-13T13:03:26.211Z"
    }
},
{
    "model": "ussdke.ussd",
    "pk": 61,
    "fields": {
        "company": 3,
        "code": 28,
        "description": "Light Sensor Test Mode",
        "confirmed": false,
        "last_confirmed": "2016-02-13T13:03:26.400Z",
        "created_at": "2016-02-13T13:03:26.400Z",
        "updated_at": "2016-02-13T13:03:26.400Z"
    }
},
{
    "model": "ussdke.ussd",
    "pk": 62,
    "fields": {
        "company": 3,
        "code": 29,
        "description": "Proximity Sensor Test Mode",
        "confirmed": false,
        "last_confirmed": "2016-02-13T13:03:26.558Z",
        "created_at": "2016-02-13T13:03:26.558Z",
        "updated_at": "2016-02-13T13:03:26.558Z"
    }
},
{
    "model": "ussdke.ussd",
    "pk": 63,
    "fields": {
        "company": 3,
        "code": 30,
        "description": "Quick Test Menu",
        "confirmed": false,
        "last_confirmed": "2016-02-13T13:03:26.748Z",
        "created_at": "2016-02-13T13:03:26.748Z",
        "updated_at": "2016-02-13T13:03:26.748Z"
    }
},
{
    "model": "ussdke.ussd",
    "pk": 64,
    "fields": {
        "company": 3,
        "code": 31,
        "description": "Test Menu.",
        "confirmed": false,
        "last_confirmed": "2016-02-13T13:03:26.928Z",
        "created_at": "2016-02-13T13:03:26.928Z",
        "updated_at": "2016-02-13T13:03:26.928Z"
    }
},
{
    "model": "ussdke.ussd",
    "pk": 65,
    "fields": {
        "company": 3,
        "code": 32,
        "description": "Proximity sensor test",
        "confirmed": false,
        "last_confirmed": "2016-02-13T13:03:27.119Z",
        "created_at": "2016-02-13T13:03:27.119Z",
        "updated_at": "2016-02-13T13:03:27.119Z"
    }
},
{
    "model": "ussdke.ussd",
    "pk": 66,
    "fields": {
        "company": 3,
        "code": 33,
        "description": "Touch screen test",
        "confirmed": false,
        "last_confirmed": "2016-02-13T13:03:27.622Z",
        "created_at": "2016-02-13T13:03:27.622Z",
        "updated_at": "2016-02-13T13:03:27.622Z"
    }
},
{
    "model": "ussdke.ussd",
    "pk": 67,
    "fields": {
        "company": 3,
        "code": 34,
        "description": "Vibration test*",
        "confirmed": false,
        "last_confirmed": "2016-02-13T13:03:28.157Z",
        "created_at": "2016-02-13T13:03:28.157Z",
        "updated_at": "2016-02-13T13:03:28.157Z"
    }
},
{
    "model": "auth.permission",
    "pk": 1,
    "fields": {
        "name": "Can add log entry",
        "content_type": 1,
        "codename": "add_logentry"
    }
},
{
    "model": "auth.permission",
    "pk": 2,
    "fields": {
        "name": "Can change log entry",
        "content_type": 1,
        "codename": "change_logentry"
    }
},
{
    "model": "auth.permission",
    "pk": 3,
    "fields": {
        "name": "Can delete log entry",
        "content_type": 1,
        "codename": "delete_logentry"
    }
},
{
    "model": "auth.permission",
    "pk": 4,
    "fields": {
        "name": "Can add permission",
        "content_type": 2,
        "codename": "add_permission"
    }
},
{
    "model": "auth.permission",
    "pk": 5,
    "fields": {
        "name": "Can change permission",
        "content_type": 2,
        "codename": "change_permission"
    }
},
{
    "model": "auth.permission",
    "pk": 6,
    "fields": {
        "name": "Can delete permission",
        "content_type": 2,
        "codename": "delete_permission"
    }
},
{
    "model": "auth.permission",
    "pk": 7,
    "fields": {
        "name": "Can add group",
        "content_type": 3,
        "codename": "add_group"
    }
},
{
    "model": "auth.permission",
    "pk": 8,
    "fields": {
        "name": "Can change group",
        "content_type": 3,
        "codename": "change_group"
    }
},
{
    "model": "auth.permission",
    "pk": 9,
    "fields": {
        "name": "Can delete group",
        "content_type": 3,
        "codename": "delete_group"
    }
},
{
    "model": "auth.permission",
    "pk": 10,
    "fields": {
        "name": "Can add user",
        "content_type": 4,
        "codename": "add_user"
    }
},
{
    "model": "auth.permission",
    "pk": 11,
    "fields": {
        "name": "Can change user",
        "content_type": 4,
        "codename": "change_user"
    }
},
{
    "model": "auth.permission",
    "pk": 12,
    "fields": {
        "name": "Can delete user",
        "content_type": 4,
        "codename": "delete_user"
    }
},
{
    "model": "auth.permission",
    "pk": 13,
    "fields": {
        "name": "Can add content type",
        "content_type": 5,
        "codename": "add_contenttype"
    }
},
{
    "model": "auth.permission",
    "pk": 14,
    "fields": {
        "name": "Can change content type",
        "content_type": 5,
        "codename": "change_contenttype"
    }
},
{
    "model": "auth.permission",
    "pk": 15,
    "fields": {
        "name": "Can delete content type",
        "content_type": 5,
        "codename": "delete_contenttype"
    }
},
{
    "model": "auth.permission",
    "pk": 16,
    "fields": {
        "name": "Can add session",
        "content_type": 6,
        "codename": "add_session"
    }
},
{
    "model": "auth.permission",
    "pk": 17,
    "fields": {
        "name": "Can change session",
        "content_type": 6,
        "codename": "change_session"
    }
},
{
    "model": "auth.permission",
    "pk": 18,
    "fields": {
        "name": "Can delete session",
        "content_type": 6,
        "codename": "delete_session"
    }
},
{
    "model": "auth.permission",
    "pk": 19,
    "fields": {
        "name": "Can add code",
        "content_type": 7,
        "codename": "add_code"
    }
},
{
    "model": "auth.permission",
    "pk": 20,
    "fields": {
        "name": "Can change code",
        "content_type": 7,
        "codename": "change_code"
    }
},
{
    "model": "auth.permission",
    "pk": 21,
    "fields": {
        "name": "Can delete code",
        "content_type": 7,
        "codename": "delete_code"
    }
},
{
    "model": "auth.permission",
    "pk": 22,
    "fields": {
        "name": "Can add company",
        "content_type": 8,
        "codename": "add_company"
    }
},
{
    "model": "auth.permission",
    "pk": 23,
    "fields": {
        "name": "Can change company",
        "content_type": 8,
        "codename": "change_company"
    }
},
{
    "model": "auth.permission",
    "pk": 24,
    "fields": {
        "name": "Can delete company",
        "content_type": 8,
        "codename": "delete_company"
    }
},
{
    "model": "auth.permission",
    "pk": 25,
    "fields": {
        "name": "Can add ussd",
        "content_type": 9,
        "codename": "add_ussd"
    }
},
{
    "model": "auth.permission",
    "pk": 26,
    "fields": {
        "name": "Can change ussd",
        "content_type": 9,
        "codename": "change_ussd"
    }
},
{
    "model": "auth.permission",
    "pk": 27,
    "fields": {
        "name": "Can delete ussd",
        "content_type": 9,
        "codename": "delete_ussd"
    }
},
{
    "model": "auth.user",
    "pk": 1,
    "fields": {
        "password": "pbkdf2_sha256$24000$uR1bGzR4m1WG$WRjqKkJLllcWGZUvfQ4cu3RUX7BTmmCLlHaZgdEV7TU=",
        "last_login": "2016-03-05T16:08:39.358Z",
        "is_superuser": true,
        "username": "brian",
        "first_name": "",
        "last_name": "",
        "email": "nnd@dd.com",
        "is_staff": true,
        "is_active": true,
        "date_joined": "2016-02-13T10:41:18.172Z",
        "groups": [],
        "user_permissions": []
    }
},
{
    "model": "admin.logentry",
    "pk": 1,
    "fields": {
        "action_time": "2016-02-13T10:41:56.942Z",
        "user": 1,
        "content_type": 7,
        "object_id": "2",
        "object_repr": "*144#",
        "action_flag": 1,
        "change_message": "Added."
    }
},
{
    "model": "admin.logentry",
    "pk": 2,
    "fields": {
        "action_time": "2016-02-13T10:42:18.419Z",
        "user": 1,
        "content_type": 9,
        "object_id": "1",
        "object_repr": "*144#",
        "action_flag": 1,
        "change_message": "Added."
    }
},
{
    "model": "admin.logentry",
    "pk": 3,
    "fields": {
        "action_time": "2016-02-13T10:48:03.006Z",
        "user": 1,
        "content_type": 7,
        "object_id": "3",
        "object_repr": "*100#",
        "action_flag": 1,
        "change_message": "Added."
    }
},
{
    "model": "admin.logentry",
    "pk": 4,
    "fields": {
        "action_time": "2016-02-13T10:48:18.593Z",
        "user": 1,
        "content_type": 8,
        "object_id": "1",
        "object_repr": "safaricom Kenya",
        "action_flag": 2,
        "change_message": "Added ussd \"*100#\"."
    }
},
{
    "model": "admin.logentry",
    "pk": 5,
    "fields": {
        "action_time": "2016-02-13T13:14:41.478Z",
        "user": 1,
        "content_type": 7,
        "object_id": "1",
        "object_repr": "OrderedDict([(u'value', u'*#44336#')])",
        "action_flag": 3,
        "change_message": ""
    }
},
{
    "model": "admin.logentry",
    "pk": 6,
    "fields": {
        "action_time": "2016-02-13T14:32:26.030Z",
        "user": 1,
        "content_type": 8,
        "object_id": "5",
        "object_repr": "Just Name",
        "action_flag": 3,
        "change_message": ""
    }
},
{
    "model": "admin.logentry",
    "pk": 7,
    "fields": {
        "action_time": "2016-02-13T14:32:26.185Z",
        "user": 1,
        "content_type": 8,
        "object_id": "4",
        "object_repr": "new Company",
        "action_flag": 3,
        "change_message": ""
    }
},
{
    "model": "admin.logentry",
    "pk": 8,
    "fields": {
        "action_time": "2016-03-05T16:24:59.330Z",
        "user": 1,
        "content_type": 8,
        "object_id": "1",
        "object_repr": "safaricom Kenya",
        "action_flag": 2,
        "change_message": "Changed icon and website."
    }
},
{
    "model": "admin.logentry",
    "pk": 9,
    "fields": {
        "action_time": "2016-03-05T16:43:27.589Z",
        "user": 1,
        "content_type": 7,
        "object_id": "4",
        "object_repr": "*#44336#'",
        "action_flag": 2,
        "change_message": "Changed value."
    }
}
]
